{"cameraMode":{"drawMode":0,"name":"Shaded","section":"Shading Mode"},"sceneLighting":false,"audioPlay":false,"sceneViewState":{"m_AlwaysRefresh":false,"showFog":true,"showSkybox":false,"showFlares":true,"showImageEffects":true,"showParticleSystems":true,"showVisualEffectGraphs":true,"m_FxEnabled":true},"in2DMode":false,"pivot":{"x":0.01588679477572441,"y":-0.0020311325788497926,"z":-0.0027582943439483644},"rotation":{"x":-0.32143017649650576,"y":-0.021867502480745317,"z":0.007389007601886988,"w":-0.9467155933380127},"size":0.12775002419948579,"orthographic":false}