{"cameraMode":{"drawMode":0,"name":"Shaded","section":"Shading Mode"},"sceneLighting":false,"audioPlay":false,"sceneViewState":{"m_AlwaysRefresh":false,"showFog":true,"showSkybox":false,"showFlares":true,"showImageEffects":true,"showParticleSystems":true,"showVisualEffectGraphs":true,"m_FxEnabled":true},"in2DMode":false,"pivot":{"x":-0.010570929385721684,"y":0.3179824948310852,"z":0.3609088063240051},"rotation":{"x":0.034823618829250339,"y":0.9383089542388916,"z":-0.3296058177947998,"w":0.0991809293627739},"size":0.13950622081756593,"orthographic":false}