{"cameraMode":{"drawMode":0,"name":"Shaded","section":"Shading Mode"},"sceneLighting":false,"audioPlay":false,"sceneViewState":{"m_AlwaysRefresh":false,"showFog":true,"showSkybox":false,"showFlares":true,"showImageEffects":true,"showParticleSystems":true,"showVisualEffectGraphs":true,"m_FxEnabled":true},"in2DMode":false,"pivot":{"x":-2.4059998989105226,"y":0.07599999755620957,"z":0.41600000858306887},"rotation":{"x":0.06790386140346527,"y":0.46440017223358157,"z":-0.0357389971613884,"w":0.8823201060295105},"size":0.275138258934021,"orthographic":false}