{"cameraMode":{"drawMode":0,"name":"Shaded","section":"Shading Mode"},"sceneLighting":false,"audioPlay":false,"sceneViewState":{"m_AlwaysRefresh":false,"showFog":true,"showSkybox":false,"showFlares":true,"showImageEffects":true,"showParticleSystems":true,"showVisualEffectGraphs":true,"m_FxEnabled":true},"in2DMode":false,"pivot":{"x":0.1209375262260437,"y":3.0492799282073976,"z":1.6986593008041382},"rotation":{"x":0.02861839160323143,"y":-0.9409082531929016,"z":0.3273502588272095,"w":0.08235182613134384},"size":1.299038052558899,"orthographic":false}