{"cameraMode":{"drawMode":0,"name":"Shaded","section":"Shading Mode"},"sceneLighting":false,"audioPlay":false,"sceneViewState":{"m_AlwaysRefresh":false,"showFog":true,"showSkybox":false,"showFlares":true,"showImageEffects":true,"showParticleSystems":true,"showVisualEffectGraphs":true,"m_FxEnabled":true},"in2DMode":false,"pivot":{"x":15.603982925415039,"y":1.1477608680725098,"z":-128.89166259765626},"rotation":{"x":0.17996229231357575,"y":-0.7306976914405823,"z":0.21077115833759309,"w":0.6239959001541138},"size":2.1077091693878176,"orthographic":false}