{"cameraMode":{"drawMode":0,"name":"Shaded","section":"Shading Mode"},"sceneLighting":false,"audioPlay":false,"sceneViewState":{"m_AlwaysRefresh":false,"showFog":true,"showSkybox":false,"showFlares":true,"showImageEffects":true,"showParticleSystems":true,"showVisualEffectGraphs":true,"m_FxEnabled":true},"in2DMode":false,"pivot":{"x":0.5997806787490845,"y":0.9417386054992676,"z":-0.11651349067687988},"rotation":{"x":-0.013699587434530259,"y":-0.9292473793029785,"z":0.3677194118499756,"w":-0.034592531621456149},"size":2.6308600902557375,"orthographic":false}