{"cameraMode":{"drawMode":0,"name":"Shaded","section":"Shading Mode"},"sceneLighting":false,"audioPlay":false,"sceneViewState":{"m_AlwaysRefresh":false,"showFog":true,"showSkybox":false,"showFlares":true,"showImageEffects":true,"showParticleSystems":true,"showVisualEffectGraphs":true,"m_FxEnabled":true},"in2DMode":false,"pivot":{"x":5.960464477539063e-8,"y":0.4084620475769043,"z":0.03580641746520996},"rotation":{"x":0.32177606225013735,"y":-0.655516505241394,"z":0.5771332383155823,"w":0.3657456934452057},"size":0.8098845481872559,"orthographic":false}