{"cameraMode":{"drawMode":0,"name":"Shaded","section":"Shading Mode"},"sceneLighting":false,"audioPlay":false,"sceneViewState":{"m_AlwaysRefresh":false,"showFog":true,"showSkybox":false,"showFlares":true,"showImageEffects":true,"showParticleSystems":true,"showVisualEffectGraphs":true,"m_FxEnabled":true},"in2DMode":false,"pivot":{"x":0.8026363253593445,"y":0.9597403407096863,"z":-0.25832951068878176},"rotation":{"x":0.21603836119174958,"y":-0.6921504735946655,"z":0.23037637770175935,"w":0.6490679979324341},"size":1.299038052558899,"orthographic":false}