{"cameraMode":{"drawMode":0,"name":"Shaded","section":"Shading Mode"},"sceneLighting":false,"audioPlay":false,"sceneViewState":{"m_AlwaysRefresh":false,"showFog":true,"showSkybox":false,"showFlares":true,"showImageEffects":true,"showParticleSystems":true,"showVisualEffectGraphs":true,"m_FxEnabled":true},"in2DMode":false,"pivot":{"x":-1.294626235961914,"y":0.5567166209220886,"z":0.8573946952819824},"rotation":{"x":0.016458803787827493,"y":-0.7698736786842346,"z":0.019877146929502488,"w":0.637727677822113},"size":0.275138258934021,"orthographic":false}