{"cameraMode":{"drawMode":0,"name":"Shaded","section":"Shading Mode"},"sceneLighting":false,"audioPlay":false,"sceneViewState":{"m_AlwaysRefresh":false,"showFog":true,"showSkybox":false,"showFlares":true,"showImageEffects":true,"showParticleSystems":true,"showVisualEffectGraphs":true,"m_FxEnabled":true},"in2DMode":false,"pivot":{"x":-3.828960657119751,"y":-0.19336868822574616,"z":0.024786384776234628},"rotation":{"x":0.02190379612147808,"y":-0.6911752223968506,"z":0.020944302901625634,"w":0.7221192121505737},"size":3.0205612182617189,"orthographic":false}