{"cameraMode":{"drawMode":0,"name":"Shaded","section":"Shading Mode"},"sceneLighting":false,"audioPlay":false,"sceneViewState":{"m_AlwaysRefresh":false,"showFog":true,"showSkybox":false,"showFlares":true,"showImageEffects":true,"showParticleSystems":true,"showVisualEffectGraphs":true,"m_FxEnabled":true},"in2DMode":false,"pivot":{"x":-38.613704681396487,"y":0.8153049945831299,"z":-83.80885314941406},"rotation":{"x":0.45324501395225527,"y":0.12888818979263307,"z":-0.06639798730611801,"w":0.8795760273933411},"size":0.6713514924049377,"orthographic":false}