{"cameraMode":{"drawMode":0,"name":"Shaded","section":"Shading Mode"},"sceneLighting":false,"audioPlay":false,"sceneViewState":{"m_AlwaysRefresh":false,"showFog":true,"showSkybox":false,"showFlares":true,"showImageEffects":true,"showParticleSystems":true,"showVisualEffectGraphs":true,"m_FxEnabled":true},"in2DMode":false,"pivot":{"x":0.0038797855377197267,"y":0.27161937952041628,"z":0.03216743469238281},"rotation":{"x":-0.09424322843551636,"y":0.7473623156547546,"z":-0.10863448679447174,"w":-0.6487560272216797},"size":0.5110000967979431,"orthographic":false}